timestamp,zone,people,garbage,risk,cleanliness_score
17:53:16,cctv_zone,10,1,MODERATE,92.4
17:53:18,cctv_zone,10,0,MODERATE,100
17:53:21,cctv_zone,13,0,MODERATE,100
17:53:25,cctv_zone,13,1,MODERATE,92.22
17:53:29,cctv_zone,13,0,MODERATE,100
17:53:33,cctv_zone,11,2,MODERATE,84.68
17:53:37,cctv_zone,13,0,MODERATE,100
17:53:41,cctv_zone,9,1,LOW,92.46
17:53:44,cctv_zone,13,0,MODERATE,100
17:53:48,cctv_zone,10,0,MODERATE,100
17:53:54,cctv_zone,11,0,MODERATE,100
17:53:58,cctv_zone,9,0,LOW,100
17:54:00,cctv_zone,9,0,LOW,100
17:54:03,cctv_zone,10,0,MODERATE,100
17:54:05,cctv_zone,11,1,MODERATE,92.34
17:54:07,cctv_zone,14,0,MODERATE,100
17:54:10,cctv_zone,7,0,LOW,100
17:57:44,cctv_zone,10,1,MODERATE,92.4
17:57:46,cctv_zone,10,0,MODERATE,100
17:57:48,cctv_zone,13,0,MODERATE,100
17:57:51,cctv_zone,13,1,MODERATE,92.22
17:57:53,cctv_zone,13,0,MODERATE,100
17:57:56,cctv_zone,11,2,MODERATE,84.68
17:57:58,cctv_zone,13,0,MODERATE,100
17:58:01,cctv_zone,9,1,LOW,92.46
17:58:03,cctv_zone,13,0,MODERATE,100
17:58:06,cctv_zone,10,0,MODERATE,100
17:58:10,cctv_zone,11,0,MODERATE,100
17:58:12,cctv_zone,9,0,LOW,100
17:58:15,cctv_zone,9,0,LOW,100
17:58:18,cctv_zone,10,0,MODERATE,100
17:58:21,cctv_zone,11,1,MODERATE,92.34
17:58:24,cctv_zone,14,0,MODERATE,100
17:58:26,cctv_zone,7,0,LOW,100
17:58:29,cctv_zone,12,0,MODERATE,100
17:58:32,cctv_zone,8,0,LOW,100
17:58:35,cctv_zone,6,3,LOW,77.92
17:58:38,cctv_zone,10,2,MODERATE,84.8
17:58:41,cctv_zone,6,0,LOW,100
17:58:43,cctv_zone,7,0,LOW,100
17:58:46,cctv_zone,9,0,LOW,100
09:55:42,cctv_zone,10,1,MODERATE,92.4
09:55:44,cctv_zone,10,0,MODERATE,100
09:55:47,cctv_zone,13,0,MODERATE,100
09:55:50,cctv_zone,13,1,MODERATE,92.22
09:55:52,cctv_zone,13,0,MODERATE,100
09:55:55,cctv_zone,11,2,MODERATE,84.68
09:55:59,cctv_zone,13,0,MODERATE,100
09:56:02,cctv_zone,9,1,LOW,92.46
09:56:04,cctv_zone,13,0,MODERATE,100
09:56:07,cctv_zone,10,0,MODERATE,100
09:56:11,cctv_zone,11,0,MODERATE,100
09:56:13,cctv_zone,9,0,LOW,100
09:56:16,cctv_zone,9,0,LOW,100
09:56:21,cctv_zone,10,0,MODERATE,100
09:56:24,cctv_zone,11,1,MODERATE,92.34
09:56:27,cctv_zone,14,0,MODERATE,100
09:56:30,cctv_zone,7,0,LOW,100
09:56:32,cctv_zone,12,0,MODERATE,100
09:56:35,cctv_zone,8,0,LOW,100
09:56:38,cctv_zone,6,3,LOW,77.92
09:56:41,cctv_zone,10,2,MODERATE,84.8
09:56:44,cctv_zone,6,0,LOW,100
09:56:47,cctv_zone,7,0,LOW,100
09:56:51,cctv_zone,9,0,LOW,100
10:47:00,cctv_zone,3,0,LOW,100
10:47:03,cctv_zone,1,1,LOW,92.94
10:47:06,cctv_zone,1,0,LOW,100
10:47:10,cctv_zone,0,0,LOW,100
10:47:13,cctv_zone,1,0,LOW,100
10:47:16,cctv_zone,0,1,LOW,93.0
10:47:20,cctv_zone,0,0,LOW,100
10:47:24,cctv_zone,0,0,LOW,100
10:47:27,cctv_zone,0,0,LOW,100
10:47:31,cctv_zone,0,0,LOW,100
10:47:44,cctv_zone,0,0,LOW,100
10:47:48,cctv_zone,0,0,LOW,100
10:47:51,cctv_zone,2,1,LOW,92.88
10:47:55,cctv_zone,0,1,LOW,93.0
10:47:59,cctv_zone,1,1,LOW,92.94
10:48:02,cctv_zone,0,1,LOW,93.0
10:48:05,cctv_zone,0,0,LOW,100
10:48:09,cctv_zone,0,1,LOW,93.0
10:48:13,cctv_zone,0,0,LOW,100
10:48:16,cctv_zone,0,0,LOW,100
10:48:23,cctv_zone,0,0,LOW,100
10:48:27,cctv_zone,0,0,LOW,100
10:48:30,cctv_zone,0,0,LOW,100
10:48:34,cctv_zone,0,0,LOW,100
10:48:37,cctv_zone,0,0,LOW,100
18:51:44,cctv_zone,3,0,LOW,100
18:51:47,cctv_zone,4,0,LOW,100
18:51:50,cctv_zone,4,1,LOW,92.76
18:51:52,cctv_zone,4,1,LOW,92.76
18:51:55,cctv_zone,2,0,LOW,100
18:51:58,cctv_zone,4,0,LOW,100
18:52:00,cctv_zone,3,0,LOW,100
18:52:03,cctv_zone,4,1,LOW,92.76
18:52:06,cctv_zone,4,0,LOW,100
18:52:09,cctv_zone,4,0,LOW,100
18:53:01,cctv_zone,3,0,LOW,100
18:53:04,cctv_zone,4,0,LOW,100
18:53:07,cctv_zone,3,0,LOW,100
19:33:20,cctv_zone,10,1,MODERATE,92.4
19:33:24,cctv_zone,10,0,MODERATE,100
19:33:27,cctv_zone,13,0,MODERATE,100
19:33:31,cctv_zone,13,1,MODERATE,92.22
19:33:35,cctv_zone,13,0,MODERATE,100
19:33:39,cctv_zone,11,2,MODERATE,84.68
19:33:43,cctv_zone,13,0,MODERATE,100
19:33:46,cctv_zone,9,1,LOW,92.46
19:33:50,cctv_zone,13,0,MODERATE,100
19:33:54,cctv_zone,10,0,MODERATE,100
19:34:00,cctv_zone,11,0,MODERATE,100
19:34:03,cctv_zone,9,0,LOW,100
19:34:09,cctv_zone,9,0,LOW,100
19:34:13,cctv_zone,10,0,MODERATE,100
19:34:16,cctv_zone,11,1,MODERATE,92.34
19:34:20,cctv_zone,14,0,MODERATE,100
19:34:23,cctv_zone,7,0,LOW,100
19:34:27,cctv_zone,12,0,MODERATE,100
19:34:30,cctv_zone,8,0,LOW,100
19:34:34,cctv_zone,6,3,LOW,77.92
19:34:38,cctv_zone,10,2,MODERATE,84.8
19:34:41,cctv_zone,6,0,LOW,100
19:34:45,cctv_zone,7,0,LOW,100
19:34:48,cctv_zone,9,0,LOW,100
19:36:09,cctv_zone,3,0,LOW,100
19:36:12,cctv_zone,1,1,LOW,92.94
19:36:16,cctv_zone,1,0,LOW,100
19:36:20,cctv_zone,0,0,LOW,100
19:36:24,cctv_zone,1,0,LOW,100
19:36:27,cctv_zone,0,1,LOW,93.0
19:36:31,cctv_zone,0,0,LOW,100
19:36:35,cctv_zone,0,0,LOW,100
19:36:38,cctv_zone,0,0,LOW,100
19:36:42,cctv_zone,0,0,LOW,100
19:36:56,cctv_zone,0,0,LOW,100
19:36:59,cctv_zone,0,0,LOW,100
19:37:03,cctv_zone,2,1,LOW,92.88
19:37:06,cctv_zone,0,1,LOW,93.0
19:37:10,cctv_zone,1,1,LOW,92.94
19:37:13,cctv_zone,0,1,LOW,93.0
19:37:17,cctv_zone,0,0,LOW,100
19:37:21,cctv_zone,0,1,LOW,93.0
19:37:24,cctv_zone,0,0,LOW,100
19:37:28,cctv_zone,0,0,LOW,100
19:37:35,cctv_zone,0,0,LOW,100
19:37:39,cctv_zone,0,0,LOW,100
19:37:43,cctv_zone,0,0,LOW,100
19:37:46,cctv_zone,0,0,LOW,100
19:37:50,cctv_zone,0,0,LOW,100
20:15:51,cctv_zone,0,0,LOW,100
20:15:56,cctv_zone,0,0,LOW,100
20:16:00,cctv_zone,0,1,LOW,93.0
20:16:04,cctv_zone,1,0,LOW,100
20:16:08,cctv_zone,1,0,LOW,100
20:16:12,cctv_zone,1,0,LOW,100
20:16:16,cctv_zone,0,0,LOW,100
20:16:20,cctv_zone,0,0,LOW,100
20:16:24,cctv_zone,0,3,LOW,79.0
20:16:28,cctv_zone,0,0,LOW,100
20:27:34,cctv_zone,3,0,LOW,100
20:28:16,cctv_zone,3,0,LOW,100
20:28:20,cctv_zone,1,1,LOW,92.94
20:28:25,cctv_zone,1,0,LOW,100
20:28:31,cctv_zone,0,0,LOW,100
20:28:36,cctv_zone,1,0,LOW,100
20:28:40,cctv_zone,0,2,LOW,86.0
20:28:44,cctv_zone,0,0,LOW,100
20:28:48,cctv_zone,0,0,LOW,100
20:28:52,cctv_zone,0,0,LOW,100
20:28:58,cctv_zone,0,0,LOW,100
20:29:13,cctv_zone,0,0,LOW,100
20:29:20,cctv_zone,0,0,LOW,100
20:29:24,cctv_zone,1,2,LOW,85.88
20:29:28,cctv_zone,0,2,LOW,86.0
20:29:32,cctv_zone,0,0,LOW,100
20:29:36,cctv_zone,0,0,LOW,100
20:29:43,cctv_zone,0,0,LOW,100
20:29:47,cctv_zone,0,1,LOW,93.0
20:29:51,cctv_zone,0,0,LOW,100
20:29:55,cctv_zone,0,0,LOW,100
20:30:08,cctv_zone,0,0,LOW,100
20:30:12,cctv_zone,0,0,LOW,100
20:30:16,cctv_zone,0,0,LOW,100
20:30:23,cctv_zone,0,0,LOW,100
20:30:25,cctv_zone,0,0,LOW,100
20:30:53,cctv_zone,3,0,LOW,100
20:30:56,cctv_zone,1,1,LOW,92.94
20:30:59,cctv_zone,1,0,LOW,100
20:31:01,cctv_zone,0,0,LOW,100
20:31:04,cctv_zone,1,0,LOW,100
20:31:07,cctv_zone,0,1,LOW,93.0
20:31:10,cctv_zone,0,0,LOW,100
20:31:14,cctv_zone,0,0,LOW,100
20:31:19,cctv_zone,0,0,LOW,100
20:31:23,cctv_zone,0,0,LOW,100
20:31:40,cctv_zone,0,0,LOW,100
20:31:44,cctv_zone,0,0,LOW,100
20:31:48,cctv_zone,2,1,LOW,92.88
20:31:51,cctv_zone,0,1,LOW,93.0
20:31:54,cctv_zone,1,1,LOW,92.94
20:40:50,cctv_zone,0,0,LOW,100
20:40:53,cctv_zone,0,1,LOW,93.0
20:40:56,cctv_zone,0,1,LOW,93.0
20:40:59,cctv_zone,1,0,LOW,100
20:41:02,cctv_zone,1,0,LOW,100
20:41:05,cctv_zone,1,0,LOW,100
20:41:08,cctv_zone,0,0,LOW,100
20:41:11,cctv_zone,0,0,LOW,100
20:41:14,cctv_zone,0,2,LOW,86.0
20:41:17,cctv_zone,0,0,LOW,100
20:47:46,cctv_zone,1,1,LOW,92.94
20:47:50,cctv_zone,0,3,LOW,79.0
20:47:54,cctv_zone,0,1,LOW,93.0
20:47:58,cctv_zone,0,1,LOW,93.0
20:48:03,cctv_zone,0,0,LOW,100
20:48:07,cctv_zone,0,0,LOW,100
20:48:11,cctv_zone,0,0,LOW,100
20:48:15,cctv_zone,0,0,LOW,100
20:48:19,cctv_zone,0,0,LOW,100
03:03:46,cctv_zone,0,2,LOW,86.0
03:03:48,cctv_zone,1,5,LOW,64.7
03:03:51,cctv_zone,0,6,LOW,58.0
03:03:53,cctv_zone,0,3,LOW,79.0
03:03:56,cctv_zone,0,2,LOW,86.0
03:03:58,cctv_zone,0,3,LOW,79.0
03:04:01,cctv_zone,1,2,LOW,85.88
03:04:07,cctv_zone,1,8,LOW,43.52
03:05:42,cctv_zone,1,0,LOW,100
03:05:44,cctv_zone,1,0,LOW,100
03:05:48,cctv_zone,1,0,LOW,100
03:05:50,cctv_zone,1,0,LOW,100
03:05:53,cctv_zone,1,0,LOW,100
03:05:56,cctv_zone,1,0,LOW,100
03:05:58,cctv_zone,1,0,LOW,100
03:06:01,cctv_zone,1,0,LOW,100
03:06:03,cctv_zone,0,0,LOW,100
03:06:06,cctv_zone,1,0,LOW,100
03:06:09,cctv_zone,1,0,LOW,100
03:06:12,cctv_zone,1,1,LOW,92.94
03:06:15,cctv_zone,0,1,LOW,93.0
03:06:18,cctv_zone,1,1,LOW,92.94
03:06:20,cctv_zone,0,1,LOW,93.0
03:06:23,cctv_zone,0,1,LOW,93.0
03:06:27,cctv_zone,0,1,LOW,93.0
03:06:31,cctv_zone,0,1,LOW,93.0
03:06:34,cctv_zone,0,1,LOW,93.0
03:06:36,cctv_zone,0,1,LOW,93.0
03:06:40,cctv_zone,0,1,LOW,93.0
03:07:02,cctv_zone,0,0,LOW,100
03:07:05,cctv_zone,1,0,LOW,100
03:07:07,cctv_zone,2,0,LOW,100
03:07:10,cctv_zone,1,1,LOW,92.94
03:07:13,cctv_zone,1,0,LOW,100
03:07:16,cctv_zone,2,0,LOW,100
03:07:18,cctv_zone,1,0,LOW,100
03:07:23,cctv_zone,1,0,LOW,100
03:07:26,cctv_zone,2,0,LOW,100
03:07:28,cctv_zone,1,0,LOW,100
03:07:32,cctv_zone,2,0,LOW,100
03:07:35,cctv_zone,2,0,LOW,100
03:07:39,cctv_zone,2,0,LOW,100
03:07:42,cctv_zone,2,0,LOW,100
03:07:44,cctv_zone,4,0,LOW,100
03:07:47,cctv_zone,5,0,LOW,100
03:07:50,cctv_zone,4,0,LOW,100
03:07:54,cctv_zone,4,0,LOW,100
03:07:56,cctv_zone,5,0,LOW,100
03:07:59,cctv_zone,4,0,LOW,100
03:08:02,cctv_zone,4,0,LOW,100
03:08:05,cctv_zone,3,1,LOW,92.82
03:08:08,cctv_zone,2,0,LOW,100
03:08:11,cctv_zone,2,0,LOW,100
03:08:13,cctv_zone,1,1,LOW,92.94
03:08:17,cctv_zone,1,1,LOW,92.94
03:08:20,cctv_zone,3,0,LOW,100
03:08:22,cctv_zone,2,0,LOW,100
03:08:24,cctv_zone,1,0,LOW,100
03:08:27,cctv_zone,1,0,LOW,100
03:08:30,cctv_zone,1,0,LOW,100
03:08:33,cctv_zone,1,0,LOW,100
03:08:35,cctv_zone,0,0,LOW,100
03:08:38,cctv_zone,1,0,LOW,100
03:08:41,cctv_zone,1,0,LOW,100
03:08:43,cctv_zone,1,0,LOW,100
03:08:46,cctv_zone,1,1,LOW,92.94
03:08:48,cctv_zone,2,1,LOW,92.88
03:09:01,cctv_zone,0,5,LOW,65.0
03:09:04,cctv_zone,0,5,LOW,65.0
03:09:07,cctv_zone,0,5,LOW,65.0
03:09:09,cctv_zone,0,4,LOW,72.0
03:09:12,cctv_zone,0,4,LOW,72.0
03:09:15,cctv_zone,0,5,LOW,65.0
03:09:19,cctv_zone,0,4,LOW,72.0
03:09:22,cctv_zone,0,5,LOW,65.0
03:09:24,cctv_zone,0,5,LOW,65.0
03:09:27,cctv_zone,0,5,LOW,65.0
03:09:30,cctv_zone,0,4,LOW,72.0
03:09:33,cctv_zone,0,4,LOW,72.0
03:09:36,cctv_zone,0,4,LOW,72.0
03:09:39,cctv_zone,0,3,LOW,79.0
03:09:42,cctv_zone,0,2,LOW,86.0
03:09:44,cctv_zone,0,2,LOW,86.0
03:09:47,cctv_zone,0,3,LOW,79.0
03:09:50,cctv_zone,0,3,LOW,79.0
03:09:53,cctv_zone,0,2,LOW,86.0
03:09:56,cctv_zone,0,2,LOW,86.0
03:10:00,cctv_zone,0,2,LOW,86.0
03:10:02,cctv_zone,0,3,LOW,79.0
03:10:04,cctv_zone,0,2,LOW,86.0
03:10:21,cctv_zone,1,0,LOW,100
03:10:24,cctv_zone,1,0,LOW,100
03:10:28,cctv_zone,1,0,LOW,100
03:10:30,cctv_zone,1,0,LOW,100
03:10:33,cctv_zone,1,0,LOW,100
03:10:36,cctv_zone,1,0,LOW,100
03:10:38,cctv_zone,1,0,LOW,100
03:10:41,cctv_zone,1,0,LOW,100
03:10:44,cctv_zone,0,0,LOW,100
03:10:46,cctv_zone,1,0,LOW,100
03:10:50,cctv_zone,1,0,LOW,100
03:10:52,cctv_zone,1,1,LOW,92.94
03:10:54,cctv_zone,0,1,LOW,93.0
03:10:58,cctv_zone,1,1,LOW,92.94
03:11:01,cctv_zone,0,1,LOW,93.0
03:11:03,cctv_zone,0,1,LOW,93.0
03:11:06,cctv_zone,0,1,LOW,93.0
03:11:09,cctv_zone,0,1,LOW,93.0
03:11:13,cctv_zone,0,1,LOW,93.0
03:11:15,cctv_zone,0,1,LOW,93.0
03:11:19,cctv_zone,0,1,LOW,93.0
03:11:22,cctv_zone,0,1,LOW,93.0
03:11:25,cctv_zone,0,1,LOW,93.0
03:11:27,cctv_zone,0,2,LOW,86.0
03:11:30,cctv_zone,0,2,LOW,86.0
03:11:32,cctv_zone,0,2,LOW,86.0
03:11:35,cctv_zone,0,2,LOW,86.0
03:11:37,cctv_zone,0,2,LOW,86.0
03:11:40,cctv_zone,0,2,LOW,86.0
03:11:43,cctv_zone,0,2,LOW,86.0
03:11:46,cctv_zone,0,2,LOW,86.0
03:11:49,cctv_zone,0,2,LOW,86.0
03:11:52,cctv_zone,0,2,LOW,86.0
03:11:54,cctv_zone,0,2,LOW,86.0
03:11:57,cctv_zone,0,3,LOW,79.0
03:12:00,cctv_zone,0,3,LOW,79.0
03:12:02,cctv_zone,0,2,LOW,86.0
03:12:05,cctv_zone,0,2,LOW,86.0
03:12:08,cctv_zone,0,3,LOW,79.0
03:12:11,cctv_zone,0,3,LOW,79.0
03:12:15,cctv_zone,0,3,LOW,79.0
03:12:18,cctv_zone,0,3,LOW,79.0
03:12:20,cctv_zone,0,2,LOW,86.0
03:12:23,cctv_zone,0,3,LOW,79.0
03:12:26,cctv_zone,0,3,LOW,79.0
03:12:28,cctv_zone,0,3,LOW,79.0
03:12:31,cctv_zone,0,3,LOW,79.0
03:12:34,cctv_zone,0,4,LOW,72.0
03:12:36,cctv_zone,0,3,LOW,79.0
03:12:39,cctv_zone,0,3,LOW,79.0
03:12:44,cctv_zone,0,3,LOW,79.0
03:12:46,cctv_zone,0,4,LOW,72.0
03:12:49,cctv_zone,0,3,LOW,79.0
03:12:52,cctv_zone,0,4,LOW,72.0
03:12:55,cctv_zone,0,4,LOW,72.0
03:12:58,cctv_zone,0,3,LOW,79.0
03:13:00,cctv_zone,0,3,LOW,79.0
03:13:03,cctv_zone,0,3,LOW,79.0
03:13:06,cctv_zone,0,4,LOW,72.0
03:13:09,cctv_zone,0,5,LOW,65.0
03:13:11,cctv_zone,0,3,LOW,79.0
03:15:23,cctv_zone,0,2,LOW,86.0
03:15:25,cctv_zone,1,4,LOW,71.76
03:15:28,cctv_zone,0,6,LOW,58.0
03:15:31,cctv_zone,0,3,LOW,79.0
03:15:34,cctv_zone,0,2,LOW,86.0
03:15:36,cctv_zone,0,3,LOW,79.0
03:15:39,cctv_zone,1,1,LOW,92.94
03:16:08,cctv_zone,1,8,LOW,43.52
03:17:14,cctv_zone,3,0,LOW,100
03:17:17,cctv_zone,2,0,LOW,100
03:17:20,cctv_zone,0,3,LOW,79.0
03:17:22,cctv_zone,2,0,LOW,100
03:17:25,cctv_zone,1,2,LOW,85.88
03:17:28,cctv_zone,0,1,LOW,93.0
03:17:31,cctv_zone,1,0,LOW,100
03:17:34,cctv_zone,0,1,LOW,93.0
03:17:37,cctv_zone,0,0,LOW,100
03:17:39,cctv_zone,0,1,LOW,93.0
03:17:44,cctv_zone,1,1,LOW,92.94
03:17:46,cctv_zone,1,0,LOW,100
03:17:50,cctv_zone,0,0,LOW,100
03:17:52,cctv_zone,0,0,LOW,100
03:17:55,cctv_zone,0,0,LOW,100
03:17:58,cctv_zone,0,2,LOW,86.0
03:18:00,cctv_zone,0,0,LOW,100
03:18:03,cctv_zone,0,0,LOW,100
03:18:06,cctv_zone,0,2,LOW,86.0
03:18:09,cctv_zone,0,0,LOW,100
03:18:14,cctv_zone,0,0,LOW,100
03:18:16,cctv_zone,2,2,LOW,85.76
03:18:19,cctv_zone,1,2,LOW,85.88
03:18:22,cctv_zone,1,1,LOW,92.94
03:18:24,cctv_zone,1,4,LOW,71.76
03:18:27,cctv_zone,1,5,LOW,64.7
03:18:30,cctv_zone,1,4,LOW,71.76
03:18:32,cctv_zone,0,0,LOW,100
10:14:49,cctv_zone,3,0,LOW,100
10:14:52,cctv_zone,2,0,LOW,100
10:14:55,cctv_zone,0,3,LOW,79.0
10:14:58,cctv_zone,2,0,LOW,100
10:15:01,cctv_zone,1,2,LOW,85.88
10:15:04,cctv_zone,0,1,LOW,93.0
10:15:10,cctv_zone,1,0,LOW,100
10:15:12,cctv_zone,0,1,LOW,93.0
10:15:14,cctv_zone,0,0,LOW,100
10:15:28,cctv_zone,0,2,LOW,86.0
10:15:31,cctv_zone,0,2,LOW,86.0
10:15:35,cctv_zone,0,2,LOW,86.0
10:15:38,cctv_zone,0,2,LOW,86.0
10:15:41,cctv_zone,0,3,LOW,79.0
10:15:45,cctv_zone,0,3,LOW,79.0
10:15:48,cctv_zone,0,3,LOW,79.0
10:15:52,cctv_zone,0,3,LOW,79.0
10:15:55,cctv_zone,0,3,LOW,79.0
10:15:59,cctv_zone,0,2,LOW,86.0
10:16:07,cctv_zone,0,0,LOW,100
10:16:11,cctv_zone,0,2,LOW,86.0
10:16:14,cctv_zone,0,1,LOW,93.0
10:16:17,cctv_zone,0,3,LOW,79.0
10:16:21,cctv_zone,1,1,LOW,92.94
10:16:25,cctv_zone,1,0,LOW,100
10:16:29,cctv_zone,2,0,LOW,100
10:16:32,cctv_zone,2,0,LOW,100
10:16:35,cctv_zone,2,1,LOW,92.88
10:16:39,cctv_zone,2,2,LOW,85.76
10:16:47,cctv_zone,1,1,LOW,92.94
10:16:51,cctv_zone,1,0,LOW,100
10:16:55,cctv_zone,1,0,LOW,100
10:16:58,cctv_zone,1,1,LOW,92.94
10:17:02,cctv_zone,1,2,LOW,85.88
10:17:05,cctv_zone,1,0,LOW,100
10:17:09,cctv_zone,0,2,LOW,86.0
10:17:12,cctv_zone,0,0,LOW,100
10:17:16,cctv_zone,0,1,LOW,93.0
10:17:20,cctv_zone,0,2,LOW,86.0
10:17:28,cctv_zone,0,0,LOW,100
10:17:31,cctv_zone,0,0,LOW,100
10:17:35,cctv_zone,0,0,LOW,100
10:17:39,cctv_zone,0,0,LOW,100
10:17:42,cctv_zone,0,0,LOW,100
10:17:45,cctv_zone,0,0,LOW,100
10:17:49,cctv_zone,0,0,LOW,100
10:17:52,cctv_zone,0,0,LOW,100
10:17:56,cctv_zone,0,0,LOW,100
10:18:00,cctv_zone,0,1,LOW,93.0
10:18:08,cctv_zone,0,1,LOW,93.0
10:18:11,cctv_zone,0,2,LOW,86.0
10:18:14,cctv_zone,0,1,LOW,93.0
10:18:18,cctv_zone,0,0,LOW,100
10:18:21,cctv_zone,0,1,LOW,93.0
10:18:25,cctv_zone,0,2,LOW,86.0
10:18:28,cctv_zone,0,1,LOW,93.0
10:18:32,cctv_zone,0,2,LOW,86.0
10:18:35,cctv_zone,1,1,LOW,92.94
10:18:38,cctv_zone,1,0,LOW,100
10:18:46,cctv_zone,1,0,LOW,100
10:18:49,cctv_zone,1,0,LOW,100
10:18:52,cctv_zone,1,0,LOW,100
10:18:56,cctv_zone,1,0,LOW,100
10:18:59,cctv_zone,0,1,LOW,93.0
10:19:02,cctv_zone,0,1,LOW,93.0
10:19:05,cctv_zone,0,2,LOW,86.0
10:19:08,cctv_zone,0,1,LOW,93.0
10:19:11,cctv_zone,0,1,LOW,93.0
10:19:15,cctv_zone,0,1,LOW,93.0
10:19:24,cctv_zone,0,2,LOW,86.0
10:19:27,cctv_zone,0,1,LOW,93.0
10:19:30,cctv_zone,0,3,LOW,79.0
10:19:33,cctv_zone,0,3,LOW,79.0
10:19:36,cctv_zone,0,3,LOW,79.0
10:19:39,cctv_zone,0,2,LOW,86.0
10:19:44,cctv_zone,0,0,LOW,100
10:19:47,cctv_zone,0,2,LOW,86.0
10:19:50,cctv_zone,0,1,LOW,93.0
10:19:53,cctv_zone,0,1,LOW,93.0
10:20:01,cctv_zone,0,1,LOW,93.0
10:20:04,cctv_zone,0,0,LOW,100
10:20:09,cctv_zone,0,0,LOW,100
10:20:13,cctv_zone,0,0,LOW,100
10:20:15,cctv_zone,0,0,LOW,100
10:20:37,cctv_zone,2,0,LOW,100
10:20:40,cctv_zone,2,0,LOW,100
10:20:42,cctv_zone,3,0,LOW,100
10:20:46,cctv_zone,2,0,LOW,100
10:20:49,cctv_zone,2,0,LOW,100
10:20:51,cctv_zone,3,0,LOW,100
10:20:55,cctv_zone,3,0,LOW,100
10:20:59,cctv_zone,2,1,LOW,92.88
10:21:02,cctv_zone,1,2,LOW,85.88
10:21:05,cctv_zone,0,1,LOW,93.0
10:21:11,cctv_zone,0,0,LOW,100
10:21:15,cctv_zone,1,0,LOW,100
10:21:18,cctv_zone,1,0,LOW,100
10:21:23,cctv_zone,1,1,LOW,92.94
10:21:26,cctv_zone,1,0,LOW,100
10:21:29,cctv_zone,3,2,LOW,85.64
10:21:33,cctv_zone,2,1,LOW,92.88
10:21:36,cctv_zone,2,0,LOW,100
10:21:39,cctv_zone,2,0,LOW,100
10:21:43,cctv_zone,2,0,LOW,100
10:21:50,cctv_zone,2,0,LOW,100
10:21:53,cctv_zone,2,2,LOW,85.76
10:21:57,cctv_zone,2,0,LOW,100
10:22:00,cctv_zone,0,1,LOW,93.0
10:22:04,cctv_zone,0,0,LOW,100
10:22:07,cctv_zone,0,0,LOW,100
10:22:10,cctv_zone,0,1,LOW,93.0
10:22:14,cctv_zone,0,1,LOW,93.0
10:22:17,cctv_zone,0,3,LOW,79.0
10:22:21,cctv_zone,0,3,LOW,79.0
10:22:27,cctv_zone,1,2,LOW,85.88
10:22:30,cctv_zone,1,0,LOW,100
10:22:34,cctv_zone,1,2,LOW,85.88
10:22:37,cctv_zone,2,0,LOW,100
10:22:41,cctv_zone,2,1,LOW,92.88
10:22:44,cctv_zone,2,0,LOW,100
10:22:47,cctv_zone,2,0,LOW,100
10:22:50,cctv_zone,2,1,LOW,92.88
10:22:52,cctv_zone,2,0,LOW,100
10:22:55,cctv_zone,3,1,LOW,92.82
10:22:59,cctv_zone,2,0,LOW,100
10:23:02,cctv_zone,2,0,LOW,100
10:23:04,cctv_zone,1,0,LOW,100
10:23:07,cctv_zone,1,0,LOW,100
10:23:10,cctv_zone,1,0,LOW,100
10:23:12,cctv_zone,1,0,LOW,100
10:23:15,cctv_zone,0,0,LOW,100
10:23:18,cctv_zone,0,0,LOW,100
10:23:20,cctv_zone,2,0,LOW,100
10:23:23,cctv_zone,1,0,LOW,100
10:23:29,cctv_zone,1,1,LOW,92.94
10:23:32,cctv_zone,2,2,LOW,85.76
10:23:35,cctv_zone,0,1,LOW,93.0
10:23:39,cctv_zone,2,2,LOW,85.76
10:23:42,cctv_zone,1,0,LOW,100
10:23:45,cctv_zone,2,0,LOW,100
10:23:47,cctv_zone,1,4,LOW,71.76
10:23:50,cctv_zone,1,2,LOW,85.88
10:23:54,cctv_zone,1,0,LOW,100
10:23:57,cctv_zone,0,0,LOW,100
10:24:01,cctv_zone,0,0,LOW,100
10:24:04,cctv_zone,0,0,LOW,100
10:33:36,cctv_zone,2,0,LOW,100
10:33:39,cctv_zone,2,0,LOW,100
10:33:42,cctv_zone,3,0,LOW,100
10:33:44,cctv_zone,2,0,LOW,100
10:33:47,cctv_zone,2,0,LOW,100
10:33:50,cctv_zone,3,0,LOW,100
10:33:54,cctv_zone,3,0,LOW,100
10:33:57,cctv_zone,2,1,LOW,92.88
10:33:59,cctv_zone,1,2,LOW,85.88
10:34:02,cctv_zone,0,1,LOW,93.0
10:34:06,cctv_zone,0,0,LOW,100
10:34:09,cctv_zone,1,0,LOW,100
10:34:11,cctv_zone,1,0,LOW,100
10:34:15,cctv_zone,1,1,LOW,92.94
10:34:17,cctv_zone,1,0,LOW,100
10:34:20,cctv_zone,3,2,LOW,85.64
10:34:23,cctv_zone,2,1,LOW,92.88
10:34:26,cctv_zone,2,0,LOW,100
10:34:28,cctv_zone,2,0,LOW,100
10:34:31,cctv_zone,2,0,LOW,100
10:34:35,cctv_zone,2,0,LOW,100
10:34:38,cctv_zone,2,2,LOW,85.76
10:34:41,cctv_zone,2,0,LOW,100
10:34:43,cctv_zone,0,1,LOW,93.0
10:34:46,cctv_zone,0,0,LOW,100
10:34:48,cctv_zone,0,0,LOW,100
10:34:51,cctv_zone,0,1,LOW,93.0
10:34:53,cctv_zone,0,1,LOW,93.0
10:34:56,cctv_zone,0,3,LOW,79.0
10:35:00,cctv_zone,0,3,LOW,79.0
10:35:05,cctv_zone,1,2,LOW,85.88
10:35:08,cctv_zone,1,0,LOW,100
10:35:10,cctv_zone,1,2,LOW,85.88
10:35:13,cctv_zone,2,0,LOW,100
10:35:17,cctv_zone,2,1,LOW,92.88
10:35:20,cctv_zone,2,0,LOW,100
10:35:24,cctv_zone,2,0,LOW,100
10:35:27,cctv_zone,2,1,LOW,92.88
10:35:30,cctv_zone,2,0,LOW,100
10:35:34,cctv_zone,3,1,LOW,92.82
10:35:38,cctv_zone,2,0,LOW,100
10:35:41,cctv_zone,2,0,LOW,100
10:35:43,cctv_zone,1,0,LOW,100
10:35:46,cctv_zone,1,0,LOW,100
10:35:49,cctv_zone,1,0,LOW,100
10:35:51,cctv_zone,1,0,LOW,100
10:35:54,cctv_zone,0,0,LOW,100
10:35:56,cctv_zone,0,0,LOW,100
10:35:58,cctv_zone,2,0,LOW,100
10:36:01,cctv_zone,1,0,LOW,100
10:36:05,cctv_zone,1,1,LOW,92.94
10:36:08,cctv_zone,2,2,LOW,85.76
10:36:10,cctv_zone,0,1,LOW,93.0
10:36:13,cctv_zone,2,2,LOW,85.76
10:36:15,cctv_zone,1,0,LOW,100
10:36:18,cctv_zone,2,0,LOW,100
10:36:21,cctv_zone,1,4,LOW,71.76
10:36:24,cctv_zone,1,2,LOW,85.88
10:36:27,cctv_zone,1,0,LOW,100
10:36:30,cctv_zone,0,0,LOW,100
10:36:34,cctv_zone,0,0,LOW,100
10:36:37,cctv_zone,0,0,LOW,100
10:36:53,cctv_zone,0,5,LOW,65.0
10:36:55,cctv_zone,0,5,LOW,65.0
10:36:58,cctv_zone,0,5,LOW,65.0
10:37:00,cctv_zone,0,4,LOW,72.0
10:37:03,cctv_zone,0,4,LOW,72.0
10:37:05,cctv_zone,0,5,LOW,65.0
10:37:08,cctv_zone,0,4,LOW,72.0
10:37:11,cctv_zone,0,5,LOW,65.0
10:37:15,cctv_zone,0,5,LOW,65.0
10:37:18,cctv_zone,0,5,LOW,65.0
10:37:23,cctv_zone,0,4,LOW,72.0
10:37:26,cctv_zone,0,4,LOW,72.0
10:37:29,cctv_zone,0,4,LOW,72.0
10:37:33,cctv_zone,0,3,LOW,79.0
10:37:36,cctv_zone,0,2,LOW,86.0
10:37:39,cctv_zone,0,2,LOW,86.0
10:37:41,cctv_zone,0,3,LOW,79.0
10:37:44,cctv_zone,0,3,LOW,79.0
10:37:46,cctv_zone,0,2,LOW,86.0
10:37:49,cctv_zone,0,2,LOW,86.0
10:37:52,cctv_zone,0,2,LOW,86.0
10:37:54,cctv_zone,0,3,LOW,79.0
10:37:57,cctv_zone,0,2,LOW,86.0
10:37:59,cctv_zone,0,3,LOW,79.0
10:38:02,cctv_zone,0,3,LOW,79.0
10:38:04,cctv_zone,0,3,LOW,79.0
10:46:02,cctv_zone,0,2,LOW,86.0
10:46:04,cctv_zone,1,4,LOW,71.76
10:46:07,cctv_zone,0,6,LOW,58.0
10:46:09,cctv_zone,0,3,LOW,79.0
10:46:12,cctv_zone,0,2,LOW,86.0
10:46:15,cctv_zone,0,3,LOW,79.0
10:46:18,cctv_zone,1,1,LOW,92.94
10:46:25,cctv_zone,1,8,LOW,43.52
10:49:50,cctv_zone,3,0,LOW,100
10:49:52,cctv_zone,2,0,LOW,100
10:49:55,cctv_zone,0,3,LOW,79.0
10:49:57,cctv_zone,2,0,LOW,100
10:49:59,cctv_zone,1,2,LOW,85.88
10:50:02,cctv_zone,0,1,LOW,93.0
10:50:04,cctv_zone,1,0,LOW,100
10:50:06,cctv_zone,0,1,LOW,93.0
10:50:09,cctv_zone,0,0,LOW,100
10:50:11,cctv_zone,0,1,LOW,93.0
10:50:16,cctv_zone,1,1,LOW,92.94
10:50:19,cctv_zone,1,0,LOW,100
10:50:22,cctv_zone,0,0,LOW,100
10:50:25,cctv_zone,0,0,LOW,100
10:50:29,cctv_zone,0,0,LOW,100
10:50:32,cctv_zone,0,2,LOW,86.0
10:50:35,cctv_zone,0,0,LOW,100
10:50:37,cctv_zone,0,0,LOW,100
10:50:40,cctv_zone,0,2,LOW,86.0
10:50:42,cctv_zone,0,0,LOW,100
10:50:47,cctv_zone,0,0,LOW,100
10:50:49,cctv_zone,2,2,LOW,85.76
10:50:52,cctv_zone,1,2,LOW,85.88
10:50:54,cctv_zone,1,1,LOW,92.94
10:50:57,cctv_zone,1,4,LOW,71.76
10:50:59,cctv_zone,1,5,LOW,64.7
10:51:02,cctv_zone,1,4,LOW,71.76
10:51:04,cctv_zone,0,0,LOW,100
10:51:07,cctv_zone,0,0,LOW,100
10:51:09,cctv_zone,0,2,LOW,86.0
10:51:14,cctv_zone,0,1,LOW,93.0
10:51:16,cctv_zone,0,0,LOW,100
10:51:19,cctv_zone,0,2,LOW,86.0
10:51:22,cctv_zone,0,0,LOW,100
10:51:25,cctv_zone,0,0,LOW,100
10:51:27,cctv_zone,0,0,LOW,100
10:51:30,cctv_zone,0,0,LOW,100
10:51:32,cctv_zone,0,0,LOW,100
10:51:35,cctv_zone,0,0,LOW,100
10:51:37,cctv_zone,0,0,LOW,100
10:51:43,cctv_zone,1,3,LOW,78.82
10:51:46,cctv_zone,1,0,LOW,100
10:51:49,cctv_zone,1,2,LOW,85.88
10:51:53,cctv_zone,0,1,LOW,93.0
10:51:56,cctv_zone,0,0,LOW,100
10:51:59,cctv_zone,0,0,LOW,100
10:52:02,cctv_zone,0,0,LOW,100
10:52:05,cctv_zone,0,0,LOW,100
10:52:08,cctv_zone,0,0,LOW,100
10:52:11,cctv_zone,0,0,LOW,100
10:52:16,cctv_zone,0,0,LOW,100
10:52:19,cctv_zone,0,0,LOW,100
10:52:22,cctv_zone,0,0,LOW,100
10:52:25,cctv_zone,0,2,LOW,86.0
10:52:27,cctv_zone,0,0,LOW,100
10:52:30,cctv_zone,0,0,LOW,100
10:52:33,cctv_zone,0,0,LOW,100
10:52:36,cctv_zone,0,1,LOW,93.0
10:55:30,cctv_zone,3,0,LOW,100
10:55:33,cctv_zone,2,0,LOW,100
10:55:35,cctv_zone,0,3,LOW,79.0
10:55:38,cctv_zone,2,0,LOW,100
10:55:40,cctv_zone,1,2,LOW,85.88
10:55:44,cctv_zone,0,1,LOW,93.0
10:55:46,cctv_zone,1,0,LOW,100
10:55:49,cctv_zone,0,1,LOW,93.0
10:55:51,cctv_zone,0,0,LOW,100
10:55:54,cctv_zone,0,1,LOW,93.0
10:55:58,cctv_zone,1,1,LOW,92.94
10:56:01,cctv_zone,1,0,LOW,100
10:56:03,cctv_zone,0,0,LOW,100
10:56:06,cctv_zone,0,0,LOW,100
10:56:08,cctv_zone,0,0,LOW,100
10:56:12,cctv_zone,0,2,LOW,86.0
10:56:15,cctv_zone,0,0,LOW,100
10:56:18,cctv_zone,0,0,LOW,100
10:56:22,cctv_zone,0,2,LOW,86.0
10:56:24,cctv_zone,0,0,LOW,100
10:56:29,cctv_zone,0,0,LOW,100
10:56:31,cctv_zone,2,2,LOW,85.76
10:56:34,cctv_zone,1,2,LOW,85.88
10:56:37,cctv_zone,1,1,LOW,92.94
10:56:39,cctv_zone,1,4,LOW,71.76
10:56:42,cctv_zone,1,5,LOW,64.7
10:56:45,cctv_zone,1,4,LOW,71.76
10:56:48,cctv_zone,0,0,LOW,100
10:56:51,cctv_zone,0,0,LOW,100
10:56:53,cctv_zone,0,2,LOW,86.0
10:56:57,cctv_zone,0,1,LOW,93.0
10:57:00,cctv_zone,0,0,LOW,100
10:57:03,cctv_zone,0,2,LOW,86.0
10:57:05,cctv_zone,0,0,LOW,100
10:57:08,cctv_zone,0,0,LOW,100
10:57:12,cctv_zone,0,0,LOW,100
10:57:14,cctv_zone,0,0,LOW,100
10:57:17,cctv_zone,0,0,LOW,100
10:57:19,cctv_zone,0,0,LOW,100
10:57:22,cctv_zone,0,0,LOW,100
10:57:27,cctv_zone,1,3,LOW,78.82
10:57:29,cctv_zone,1,0,LOW,100
10:57:32,cctv_zone,1,2,LOW,85.88
10:57:34,cctv_zone,0,1,LOW,93.0
10:57:37,cctv_zone,0,0,LOW,100
10:57:39,cctv_zone,0,0,LOW,100
10:57:42,cctv_zone,0,0,LOW,100
10:57:44,cctv_zone,0,0,LOW,100
10:57:47,cctv_zone,0,0,LOW,100
10:57:49,cctv_zone,0,0,LOW,100
10:57:53,cctv_zone,0,0,LOW,100
10:57:56,cctv_zone,0,0,LOW,100
10:57:59,cctv_zone,0,0,LOW,100
10:58:02,cctv_zone,0,2,LOW,86.0
10:58:04,cctv_zone,0,0,LOW,100
10:58:07,cctv_zone,0,0,LOW,100
10:58:09,cctv_zone,0,0,LOW,100
10:58:12,cctv_zone,0,1,LOW,93.0
10:58:14,cctv_zone,1,0,LOW,100
10:58:17,cctv_zone,1,2,LOW,85.88
10:58:22,cctv_zone,2,2,LOW,85.76
10:58:24,cctv_zone,2,2,LOW,85.76
10:58:26,cctv_zone,0,1,LOW,93.0
10:58:29,cctv_zone,1,0,LOW,100
10:58:31,cctv_zone,1,3,LOW,78.82
10:58:33,cctv_zone,0,6,LOW,58.0
10:58:35,cctv_zone,1,6,LOW,57.64
10:58:38,cctv_zone,0,1,LOW,93.0
10:58:40,cctv_zone,1,3,LOW,78.82
10:58:42,cctv_zone,0,2,LOW,86.0
11:00:10,cctv_zone,2,0,LOW,100
11:00:13,cctv_zone,2,0,LOW,100
11:00:17,cctv_zone,3,0,LOW,100
11:00:19,cctv_zone,2,0,LOW,100
11:00:21,cctv_zone,2,0,LOW,100
11:00:24,cctv_zone,3,0,LOW,100
11:00:27,cctv_zone,3,0,LOW,100
11:00:29,cctv_zone,2,1,LOW,92.88
11:00:32,cctv_zone,1,2,LOW,85.88
11:00:35,cctv_zone,0,1,LOW,93.0
11:00:40,cctv_zone,0,0,LOW,100
11:00:43,cctv_zone,1,0,LOW,100
11:00:47,cctv_zone,1,0,LOW,100
11:00:50,cctv_zone,1,1,LOW,92.94
11:00:53,cctv_zone,1,0,LOW,100
11:00:56,cctv_zone,3,2,LOW,85.64
11:00:59,cctv_zone,2,1,LOW,92.88
11:01:03,cctv_zone,2,0,LOW,100
11:01:06,cctv_zone,2,0,LOW,100
11:01:09,cctv_zone,2,0,LOW,100
11:01:14,cctv_zone,2,0,LOW,100
11:01:16,cctv_zone,2,2,LOW,85.76
11:01:19,cctv_zone,2,0,LOW,100
11:01:21,cctv_zone,0,1,LOW,93.0
11:01:24,cctv_zone,0,0,LOW,100
11:01:26,cctv_zone,0,0,LOW,100
11:01:29,cctv_zone,0,1,LOW,93.0
11:01:32,cctv_zone,0,1,LOW,93.0
11:01:35,cctv_zone,0,3,LOW,79.0
11:01:38,cctv_zone,0,3,LOW,79.0
11:01:44,cctv_zone,1,2,LOW,85.88
11:01:47,cctv_zone,1,0,LOW,100
11:01:50,cctv_zone,1,2,LOW,85.88
11:01:54,cctv_zone,2,0,LOW,100
11:01:57,cctv_zone,2,1,LOW,92.88
11:02:00,cctv_zone,2,0,LOW,100
11:02:03,cctv_zone,2,0,LOW,100
11:02:06,cctv_zone,2,1,LOW,92.88
11:02:11,cctv_zone,2,0,LOW,100
11:02:14,cctv_zone,3,1,LOW,92.82
11:02:20,cctv_zone,2,0,LOW,100
11:02:23,cctv_zone,2,0,LOW,100
11:02:26,cctv_zone,1,0,LOW,100
11:02:29,cctv_zone,1,0,LOW,100
11:02:32,cctv_zone,1,0,LOW,100
11:02:36,cctv_zone,1,0,LOW,100
11:02:39,cctv_zone,0,0,LOW,100
11:02:43,cctv_zone,0,0,LOW,100
11:02:46,cctv_zone,2,0,LOW,100
11:02:49,cctv_zone,1,0,LOW,100
11:02:54,cctv_zone,1,1,LOW,92.94
11:02:58,cctv_zone,2,2,LOW,85.76
11:03:01,cctv_zone,0,1,LOW,93.0
11:03:04,cctv_zone,2,2,LOW,85.76
11:03:08,cctv_zone,1,0,LOW,100
11:03:11,cctv_zone,2,0,LOW,100
11:03:14,cctv_zone,1,4,LOW,71.76
11:03:17,cctv_zone,1,2,LOW,85.88
11:03:20,cctv_zone,1,0,LOW,100
11:03:23,cctv_zone,0,0,LOW,100
11:03:26,cctv_zone,0,0,LOW,100
11:03:29,cctv_zone,0,0,LOW,100
14:46:58,cctv_zone,0,5,LOW,65.0
14:47:00,cctv_zone,0,5,LOW,65.0
14:47:03,cctv_zone,0,5,LOW,65.0
14:47:06,cctv_zone,0,4,LOW,72.0
14:47:09,cctv_zone,0,4,LOW,72.0
14:47:12,cctv_zone,0,5,LOW,65.0
14:47:15,cctv_zone,0,4,LOW,72.0
14:47:19,cctv_zone,0,5,LOW,65.0
14:47:22,cctv_zone,0,5,LOW,65.0
14:47:25,cctv_zone,0,5,LOW,65.0
14:47:29,cctv_zone,0,4,LOW,72.0
14:47:32,cctv_zone,0,4,LOW,72.0
14:47:35,cctv_zone,0,4,LOW,72.0
14:47:38,cctv_zone,0,3,LOW,79.0
14:47:41,cctv_zone,0,2,LOW,86.0
14:47:44,cctv_zone,0,2,LOW,86.0
14:47:47,cctv_zone,0,3,LOW,79.0
14:47:50,cctv_zone,0,3,LOW,79.0
14:47:52,cctv_zone,0,2,LOW,86.0
14:47:55,cctv_zone,0,2,LOW,86.0
14:47:59,cctv_zone,0,2,LOW,86.0
14:48:02,cctv_zone,0,3,LOW,79.0
14:48:04,cctv_zone,0,2,LOW,86.0
14:48:07,cctv_zone,0,3,LOW,79.0
14:48:10,cctv_zone,0,3,LOW,79.0
14:48:13,cctv_zone,0,3,LOW,79.0
14:48:57,cctv_zone,2,0,LOW,100
14:49:00,cctv_zone,2,0,LOW,100
14:49:03,cctv_zone,3,0,LOW,100
14:49:06,cctv_zone,2,0,LOW,100
14:49:09,cctv_zone,2,0,LOW,100
14:49:12,cctv_zone,3,0,LOW,100
14:49:15,cctv_zone,3,0,LOW,100
14:49:17,cctv_zone,2,1,LOW,92.88
14:49:21,cctv_zone,1,2,LOW,85.88
14:49:24,cctv_zone,0,1,LOW,93.0
14:49:29,cctv_zone,0,0,LOW,100
14:49:32,cctv_zone,1,0,LOW,100
14:49:35,cctv_zone,1,0,LOW,100
14:49:38,cctv_zone,1,1,LOW,92.94
14:49:41,cctv_zone,1,0,LOW,100
14:49:45,cctv_zone,3,2,LOW,85.64
14:49:48,cctv_zone,2,1,LOW,92.88
14:49:51,cctv_zone,2,0,LOW,100
14:49:54,cctv_zone,2,0,LOW,100
14:49:58,cctv_zone,2,0,LOW,100
14:50:05,cctv_zone,2,0,LOW,100
14:50:08,cctv_zone,2,2,LOW,85.76
14:50:11,cctv_zone,2,0,LOW,100
14:50:14,cctv_zone,0,1,LOW,93.0
14:50:17,cctv_zone,0,0,LOW,100
14:50:20,cctv_zone,0,0,LOW,100
14:50:23,cctv_zone,0,1,LOW,93.0
14:50:26,cctv_zone,0,1,LOW,93.0
14:50:30,cctv_zone,0,3,LOW,79.0
14:50:33,cctv_zone,0,3,LOW,79.0
14:50:38,cctv_zone,1,2,LOW,85.88
14:50:41,cctv_zone,1,0,LOW,100
14:50:44,cctv_zone,1,2,LOW,85.88
14:50:47,cctv_zone,2,0,LOW,100
14:50:51,cctv_zone,2,1,LOW,92.88
14:50:54,cctv_zone,2,0,LOW,100
14:50:57,cctv_zone,2,0,LOW,100
14:51:00,cctv_zone,2,1,LOW,92.88
14:51:03,cctv_zone,2,0,LOW,100
14:51:06,cctv_zone,3,1,LOW,92.82
14:51:10,cctv_zone,2,0,LOW,100
14:51:13,cctv_zone,2,0,LOW,100
14:51:16,cctv_zone,1,0,LOW,100
14:51:19,cctv_zone,1,0,LOW,100
14:51:23,cctv_zone,1,0,LOW,100
14:51:26,cctv_zone,1,0,LOW,100
14:51:29,cctv_zone,0,0,LOW,100
14:51:32,cctv_zone,0,0,LOW,100
14:51:35,cctv_zone,2,0,LOW,100
14:51:38,cctv_zone,1,0,LOW,100
14:51:43,cctv_zone,1,1,LOW,92.94
14:51:46,cctv_zone,2,2,LOW,85.76
14:51:49,cctv_zone,0,1,LOW,93.0
14:51:52,cctv_zone,2,2,LOW,85.76
14:51:55,cctv_zone,1,0,LOW,100
14:51:58,cctv_zone,2,0,LOW,100
14:52:01,cctv_zone,1,4,LOW,71.76
14:52:04,cctv_zone,1,2,LOW,85.88
14:52:07,cctv_zone,1,0,LOW,100
14:52:10,cctv_zone,0,0,LOW,100
14:52:14,cctv_zone,0,0,LOW,100
14:52:17,cctv_zone,0,0,LOW,100
20:03:42,cctv_zone,2,0,LOW,100
20:03:45,cctv_zone,2,0,LOW,100
20:03:48,cctv_zone,3,0,LOW,100
20:03:51,cctv_zone,2,0,LOW,100
20:03:54,cctv_zone,2,0,LOW,100
20:03:57,cctv_zone,3,0,LOW,100
20:04:00,cctv_zone,3,0,LOW,100
20:04:02,cctv_zone,2,1,LOW,92.88
20:04:05,cctv_zone,1,2,LOW,85.88
20:04:08,cctv_zone,0,1,LOW,93.0
20:04:12,cctv_zone,0,0,LOW,100
20:04:15,cctv_zone,1,0,LOW,100
20:04:17,cctv_zone,1,0,LOW,100
20:04:20,cctv_zone,1,1,LOW,92.94
20:04:23,cctv_zone,1,0,LOW,100
20:04:25,cctv_zone,3,2,LOW,85.64
20:04:28,cctv_zone,2,1,LOW,92.88
20:04:31,cctv_zone,2,0,LOW,100
20:04:34,cctv_zone,2,0,LOW,100
20:04:37,cctv_zone,2,0,LOW,100
20:04:41,cctv_zone,2,0,LOW,100
20:04:44,cctv_zone,2,2,LOW,85.76
20:04:47,cctv_zone,2,0,LOW,100
20:04:49,cctv_zone,0,1,LOW,93.0
20:04:52,cctv_zone,0,0,LOW,100
20:04:55,cctv_zone,0,0,LOW,100
20:04:58,cctv_zone,0,1,LOW,93.0
20:05:01,cctv_zone,0,1,LOW,93.0
20:05:04,cctv_zone,0,3,LOW,79.0
20:05:06,cctv_zone,0,3,LOW,79.0
20:05:11,cctv_zone,1,2,LOW,85.88
20:05:14,cctv_zone,1,0,LOW,100
20:05:16,cctv_zone,1,2,LOW,85.88
20:05:19,cctv_zone,2,0,LOW,100
20:05:22,cctv_zone,2,1,LOW,92.88
20:05:25,cctv_zone,2,0,LOW,100
20:05:27,cctv_zone,2,0,LOW,100
20:05:30,cctv_zone,2,1,LOW,92.88
20:05:33,cctv_zone,2,0,LOW,100
20:05:36,cctv_zone,3,1,LOW,92.82
20:05:40,cctv_zone,2,0,LOW,100
20:05:43,cctv_zone,2,0,LOW,100
20:05:46,cctv_zone,1,0,LOW,100
20:05:49,cctv_zone,1,0,LOW,100
20:05:52,cctv_zone,1,0,LOW,100
20:05:54,cctv_zone,1,0,LOW,100
20:05:58,cctv_zone,0,0,LOW,100
20:06:00,cctv_zone,0,0,LOW,100
20:06:03,cctv_zone,2,0,LOW,100
20:06:06,cctv_zone,1,0,LOW,100
20:06:10,cctv_zone,1,1,LOW,92.94
20:06:12,cctv_zone,2,2,LOW,85.76
20:06:15,cctv_zone,0,1,LOW,93.0
20:06:18,cctv_zone,2,2,LOW,85.76
20:06:21,cctv_zone,1,0,LOW,100
20:06:24,cctv_zone,2,0,LOW,100
20:06:27,cctv_zone,1,4,LOW,71.76
20:06:29,cctv_zone,1,2,LOW,85.88
20:06:32,cctv_zone,1,0,LOW,100
20:06:35,cctv_zone,0,0,LOW,100
20:06:38,cctv_zone,0,0,LOW,100
20:06:40,cctv_zone,0,0,LOW,100
11:55:23,cctv_zone,2,0,LOW,100
11:55:26,cctv_zone,2,0,LOW,100
11:55:28,cctv_zone,3,0,LOW,100
11:55:31,cctv_zone,2,0,LOW,100
11:55:33,cctv_zone,2,0,LOW,100
11:55:36,cctv_zone,3,0,LOW,100
11:55:38,cctv_zone,3,0,LOW,100
11:55:40,cctv_zone,2,1,LOW,92.88
11:55:43,cctv_zone,1,2,LOW,85.88
11:55:45,cctv_zone,0,1,LOW,93.0
11:55:51,cctv_zone,0,0,LOW,100
11:55:54,cctv_zone,1,0,LOW,100
11:55:57,cctv_zone,1,0,LOW,100
11:56:00,cctv_zone,1,1,LOW,92.94
11:56:03,cctv_zone,1,0,LOW,100
11:56:05,cctv_zone,3,2,LOW,85.64
11:56:08,cctv_zone,2,1,LOW,92.88
11:56:10,cctv_zone,2,0,LOW,100
11:56:13,cctv_zone,2,0,LOW,100
11:56:15,cctv_zone,2,0,LOW,100
11:56:20,cctv_zone,2,0,LOW,100
11:56:22,cctv_zone,2,2,LOW,85.76
11:56:25,cctv_zone,2,0,LOW,100
11:56:28,cctv_zone,0,1,LOW,93.0
11:56:31,cctv_zone,0,0,LOW,100
11:56:34,cctv_zone,0,0,LOW,100
11:56:37,cctv_zone,0,1,LOW,93.0
11:56:39,cctv_zone,0,1,LOW,93.0
11:56:42,cctv_zone,0,3,LOW,79.0
11:56:45,cctv_zone,0,3,LOW,79.0
11:56:50,cctv_zone,1,2,LOW,85.88
11:56:53,cctv_zone,1,0,LOW,100
11:56:56,cctv_zone,1,2,LOW,85.88
11:56:58,cctv_zone,2,0,LOW,100
11:57:01,cctv_zone,2,1,LOW,92.88
11:57:04,cctv_zone,2,0,LOW,100
11:57:07,cctv_zone,2,0,LOW,100
11:57:09,cctv_zone,2,1,LOW,92.88
11:57:12,cctv_zone,2,0,LOW,100
11:57:14,cctv_zone,3,1,LOW,92.82
11:57:19,cctv_zone,2,0,LOW,100
11:57:22,cctv_zone,2,0,LOW,100
11:57:24,cctv_zone,1,0,LOW,100
11:57:27,cctv_zone,1,0,LOW,100
11:57:30,cctv_zone,1,0,LOW,100
11:57:33,cctv_zone,1,0,LOW,100
11:57:36,cctv_zone,0,0,LOW,100
11:57:40,cctv_zone,0,0,LOW,100
11:57:43,cctv_zone,2,0,LOW,100
11:57:46,cctv_zone,1,0,LOW,100
11:57:51,cctv_zone,1,1,LOW,92.94
11:57:54,cctv_zone,2,2,LOW,85.76
11:57:57,cctv_zone,0,1,LOW,93.0
11:58:00,cctv_zone,2,2,LOW,85.76
11:58:03,cctv_zone,1,0,LOW,100
11:58:05,cctv_zone,2,0,LOW,100
11:58:08,cctv_zone,1,4,LOW,71.76
11:58:11,cctv_zone,1,2,LOW,85.88
11:58:14,cctv_zone,1,0,LOW,100
11:58:17,cctv_zone,0,0,LOW,100
11:58:20,cctv_zone,0,0,LOW,100
11:58:23,cctv_zone,0,0,LOW,100
12:04:29,cctv_zone,0,5,LOW,65.0
12:04:32,cctv_zone,0,5,LOW,65.0
12:04:34,cctv_zone,0,5,LOW,65.0
12:04:37,cctv_zone,0,4,LOW,72.0
12:04:40,cctv_zone,0,4,LOW,72.0
12:04:43,cctv_zone,0,5,LOW,65.0
12:04:45,cctv_zone,0,4,LOW,72.0
12:04:48,cctv_zone,0,5,LOW,65.0
12:04:51,cctv_zone,0,5,LOW,65.0
12:04:54,cctv_zone,0,5,LOW,65.0
12:04:57,cctv_zone,0,4,LOW,72.0
12:05:00,cctv_zone,0,4,LOW,72.0
12:05:03,cctv_zone,0,4,LOW,72.0
12:05:06,cctv_zone,0,3,LOW,79.0
12:05:09,cctv_zone,0,2,LOW,86.0
12:05:11,cctv_zone,0,2,LOW,86.0
12:05:14,cctv_zone,0,3,LOW,79.0
12:05:17,cctv_zone,0,3,LOW,79.0
12:05:20,cctv_zone,0,2,LOW,86.0
12:05:23,cctv_zone,0,2,LOW,86.0
12:05:26,cctv_zone,0,2,LOW,86.0
12:05:29,cctv_zone,0,3,LOW,79.0
12:05:32,cctv_zone,0,2,LOW,86.0
12:05:35,cctv_zone,0,3,LOW,79.0
12:05:37,cctv_zone,0,3,LOW,79.0
12:05:40,cctv_zone,0,3,LOW,79.0
